route_id,direction,order,stop_name,time_to_next,direction_name
46,1,1,松德站,0,往圓環
46,1,2,捷運象山站,1,往圓環
46,1,3,信義松仁路口（松仁）,1,往圓環
46,1,4,松壽路口,0,往圓環
46,1,5,市政府（松智）,2,往圓環
46,1,6,興雅國中,1,往圓環
46,1,7,信義松仁路口（松仁）,2,往圓環
46,1,8,捷運象山站,1,往圓環
46,1,9,國稅局宿舍,2,往圓環
46,1,10,松山商職（信義）,1,往圓環
46,1,11,松山商職（福德）,1,往圓環
46,1,12,松友新村,1,往圓環
46,1,13,信義行政中心（秦宫）,1,往圓環
46,1,14,大道路,1,往圓環
46,1,15,忠孝大道路口,1,往圓環
46,1,16,春光公園,1,往圓環
46,1,17,永春里（忠孝）,1,往圓環
46,1,18,捷運永春站（松山）,1,往圓環
46,1,19,雙永國小,1,往圓環
46,1,20,永吉松山路口,1,往圓環
46,1,21,國民住宅,1,往圓環
46,1,22,興雅國小,2,往圓環
46,1,23,東興路,2,往圓環
46,1,24,東興路一,1,往圓環
46,1,25,南京公寓（捷運南京三民）,1,往圓環
46,1,26,南京三民路口,2,往圓環
46,1,27,南京寧安街口,2,往圓環
46,1,28,南京敦化路口（小巨蛋）,2,往圓環
46,1,29,捷運南京復興站,2,往圓環
46,1,30,南京龍江路口,1,往圓環
46,1,31,南京建國路口,1,往圓環
46,1,32,捷運松江南京站,2,往圓環
46,1,33,南京吉林路口,1,往圓環
46,1,34,南京林森路口,2,往圓環
46,1,35,捷運中山站（志仁高中）,3,往圓環
46,1,36,後車站,4,往圓環
46,2,37,圓環（重慶）,1,往松德站
46,2,38,圓環（南京）,1,往松德站
46,2,39,捷運中山站（志仁高中）,1,往松德站
46,2,40,南京林森路口,3,往松德站
46,2,41,南京吉林路口,2,往松德站
46,2,42,捷運松江南京站,1,往松德站
46,2,43,南京建國路口,2,往松德站
46,2,44,南京龍江路口,1,往松德站
46,2,45,捷運南京復興站,2,往松德站
46,2,46,南京敦化路口（小巨蛋）,1,往松德站
46,2,47,南京寧安街口,3,往松德站
46,2,48,南京三民路口,2,往松德站
46,2,49,南京公寓（捷運南京三民）,2,往松德站
46,2,50,東興路一,1,往松德站
46,2,51,東興路,2,往松德站
46,2,52,興雅國小,3,往松德站
46,2,53,國民住宅,1,往松德站
46,2,54,永吉松山路口,1,往松德站
46,2,55,雙永國小,1,往松德站
46,2,56,永春里（忠孝）,2,往松德站
46,2,57,春光公園,1,往松德站
46,2,58,忠孝大道路口,1,往松德站
46,2,59,大道路,1,往松德站
46,2,60,信義行政中心（秦宫）,1,往松德站
46,2,61,松友新村,1,往松德站
46,2,62,松山商職（福德）,1,往松德站
46,2,63,國業里 ,1,往松德站
46,2,64,國稅局宿舍,1,往松德站
46,2,65,捷運象山站,2,往松德站
46,2,66,信義松仁路口（松仁）,1,往松德站
46,2,67,興雅國中,1,往松德站
46,2,68,市政府（松智）,1,往松德站
46,2,69,捷運象山站,4,往松德站
46,2,70,松德站,1,往松德站
,,,,,
204,1,1,華中河濱公園,0,往麥帥新城
204,1,2,果菜市場,0,往麥帥新城
204,1,3,萬大國小,2,往麥帥新城
204,1,4,德昌街口,0,往麥帥新城
204,1,5,西藏路口,1,往麥帥新城
204,1,6,西藏路,1,往麥帥新城
204,1,7,南機場公寓,1,往麥帥新城
204,1,8,中華南海路口,1,往麥帥新城
204,1,9,國盛國宅,1,往麥帥新城
204,1,10,三元街口,2,往麥帥新城
204,1,11,植物園,0,往麥帥新城
204,1,12,建國中學,1,往麥帥新城
204,1,13,自來水西分處（寧波）,1,往麥帥新城
204,1,14,南昌路,2,往麥帥新城
204,1,15,南門,1,往麥帥新城
204,1,16,一女中（公園）,1,往麥帥新城
204,1,17,中正紀念堂,1,往麥帥新城
204,1,18,信義杭州路口,1,往麥帥新城
204,1,19,捷運東門站,1,往麥帥新城
204,1,20,信義永康街口（捷運東門站）,1,往麥帥新城
204,1,21,信義新生路口,2,往麥帥新城
204,1,22,信義市場,1,往麥帥新城
204,1,23,延平中學,1,往麥帥新城
204,1,24,空軍總部,1,往麥帥新城
204,1,25,正義郵局,1,往麥帥新城
204,1,26,懷生國中,1,往麥帥新城
204,1,27,頂好市場,1,往麥帥新城
204,1,28,捷運忠孝敦化站,2,往麥帥新城
204,1,29,阿波羅大廈,1,往麥帥新城
204,1,30,交通部觀光署,1,往麥帥新城
204,1,31,捷運國父紀念館站（光復）,1,往麥帥新城
204,1,32,臺北市區監理所（光復）,1,往麥帥新城
204,1,33,榮民服務處,1,往麥帥新城
204,1,34,南京三民路口,1,往麥帥新城
204,1,35,南京公寓（捷運南京三民）,1,往麥帥新城
204,1,36,南松山（南京）,1,往麥帥新城
204,1,37,饒河街觀光夜市（塔悠）,1,往麥帥新城
204,1,38,松山農會,2,往麥帥新城
204,1,39,松山車站（八德）,1,往麥帥新城
204,1,40,玉成里,1,往麥帥新城
204,1,41,週美里一,2,往麥帥新城
204,1,42,舊宗路一段（行善）,1,往麥帥新城
204,1,43,行善路,1,往麥帥新城
204,1,44,新湖民善路口（一）,1,往麥帥新城
204,1,45,新湖一路口,1,往麥帥新城
204,1,46,新湖三路口（台北花市）,0,往麥帥新城
204,1,47,新湖行忠路口,1,往麥帥新城
204,1,48,行愛路,1,往麥帥新城
204,1,49,行愛路77巷口,1,往麥帥新城
204,2,50,行愛路77巷口,10,往東園
204,2,51,行愛路,1,往東園
204,2,52,新湖行忠路口,1,往東園
204,2,53,新湖三路口（台北花市）,1,往東園
204,2,54,新湖一路口,2,往東園
204,2,55,新湖民善路口（一）,1,往東園
204,2,56,行善路,1,往東園
204,2,57,潭美國小（舊宗）,1,往東園
204,2,58,週美里一,2,往東園
204,2,59,玉成里,1,往東園
204,2,60,松山車站（八德）,1,往東園
204,2,61,松山農會,1,往東園
204,2,62,饒河街觀光夜市（塔悠）,1,往東園
204,2,63,南松山（南京）,1,往東園
204,2,64,南京公寓（捷運南京三民）,1,往東園
204,2,65,南京三民路口,1,往東園
204,2,66,博仁醫院,1,往東園
204,2,67,臺北市區監理所（光復）,1,往東園
204,2,68,捷運國父紀念館站（光復）,1,往東園
204,2,69,交通部觀光署,2,往東園
204,2,70,阿波羅大廈,1,往東園
204,2,71,捷運忠孝敦化站,1,往東園
204,2,72,頂好市場,2,往東園
204,2,73,懷生國中,1,往東園
204,2,74,聯合醫院仁愛院區,1,往東園
204,2,75,東豐復興路口,1,往東園
204,2,76,師大附中,2,往東園
204,2,77,信義建國路口,0,往東園
204,2,78,捷運大安森林公園站,1,往東園
204,2,79,信義新生路口,2,往東園
204,2,80,信義永康街口,1,往東園
204,2,81,捷運東門站,2,往東園
204,2,82,信義杭州路口,0,往東園
204,2,83,中正紀念堂,2,往東園
204,2,84,一女中（公園）,1,往東園
204,2,85,市立大學附小,1,往東園
204,2,86,南門,1,往東園
204,2,87,建國中學（歷史博物館）,1,往東園
204,2,88,三元街口,1,往東園
204,2,89,國盛國宅,1,往東園
204,2,90,中華南海路口,1,往東園
204,2,91,南機場公寓,1,往東園
204,2,92,西藏路,1,往東園
204,2,93,西藏路口,1,往東園
204,2,94,德昌街口,1,往東園
204,2,95,萬大國小,1,往東園
204,2,96,果菜市場,2,往東園
204,2,97,華中河濱公園,1,往東園
,,,,,
234,1,1,歡仔園,0,往西門
234,1,2,僑中一街,1,往西門
234,1,3,大觀路一段28巷,1,往西門
234,1,4,大觀國小,1,往西門
234,1,5,國立臺灣藝術大學,1,往西門
234,1,6,中山實小,1,往西門
234,1,7,板橋榮家,1,往西門
234,1,8,力行新村,1,往西門
234,1,9,南雅站,7,往西門
234,1,10,亞東科技大學,1,往西門
234,1,11,豫章工商,2,往西門
234,1,12,仁愛新村,1,往西門
234,1,13,福星里,1,往西門
234,1,14,鄉雲里,0,往西門
234,1,15,後站商圈,3,往西門
234,1,16,介壽公園,1,往西門
234,1,17,民權路口,2,往西門
234,1,18,新北市政府（新府路）,1,往西門
234,1,19,新北板橋公車站,1,往西門
234,1,20,新北市政府（中山路）,1,往西門
234,1,21,中山漢生路口,2,往西門
234,1,22,西安里,1,往西門
234,1,23,中山民生路口,1,往西門
234,1,24,埔墘國小,1,往西門
234,1,25,埔墘（中山路）,1,往西門
234,1,26,埔墘派出所,2,往西門
234,1,27,光復橋,1,往西門
234,1,28,西園路二段,2,往西門
234,1,29,華江高中（西園）,2,往西門
234,1,30,西園29服飾基地,1,往西門
234,1,31,大理服飾,2,往西門
234,1,32,捷運龍山寺站,1,往西門
234,1,33,龍山寺（康定）,1,往西門
234,1,34,祖師廟（康定）,3,往西門
234,1,35,西門國小（臺大醫院北護分院）,1,往西門
234,1,36,峨眉街口（中醫院區）,1,往西門
234,1,37,漢口街,2,往西門
234,2,38,中華路北站,1,往板橋
234,2,39,捷運西門站,2,往板橋
234,2,40,小南門,2,往板橋
234,2,41,桂林昆明街口,1,往板橋
234,2,42,桂林路,1,往板橋
234,2,43,龍山寺（西園）,2,往板橋
234,2,44,大理服飾,2,往板橋
234,2,45,西園29服飾基地,1,往板橋
234,2,46,華江高中（西園）,1,往板橋
234,2,47,西園路二段,2,往板橋
234,2,48,光復橋,1,往板橋
234,2,49,埔墘派出所,1,往板橋
234,2,50,埔墘（中山路）,1,往板橋
234,2,51,埔墘國小,2,往板橋
234,2,52,中山民生路口,1,往板橋
234,2,53,西安里,1,往板橋
234,2,54,中山漢生路口,1,往板橋
234,2,55,新北市政府（中山路）,2,往板橋
234,2,56,新北板橋公車站,3,往板橋
234,2,57,新北市政府（新府路）,1,往板橋
234,2,58,民權路口,1,往板橋
234,2,59,板橋外站,1,往板橋
234,2,60,後站商圈,1,往板橋
234,2,61,鄉雲里,1,往板橋
234,2,62,福星里,1,往板橋
234,2,63,仁愛新村,1,往板橋
234,2,64,豫章工商,1,往板橋
234,2,65,亞東科技大學,2,往板橋
234,2,66,南雅站,2,往板橋
234,2,67,浮洲橋,2,往板橋
234,2,68,福安里,2,往板橋
234,2,69,力行新村,1,往板橋
234,2,70,板橋榮家,1,往板橋
234,2,71,中山實小,1,往板橋
234,2,72,國立臺灣藝術大學,1,往板橋
234,2,73,大觀國小,1,往板橋
234,2,74,大觀路一段28巷,1,往板橋
234,2,75,僑中一街,1,往板橋
234,2,76,歡仔園,1,往板橋
,,,,,
262,1,1,宏國德霖科技大學,0,往民生社區
262,1,2,清和里,0,往民生社區
262,1,3,檳榔科,1,往民生社區
262,1,4,清水派山所,1,往民生社區
262,1,5,清水,1,往民生社區
262,1,6,臺灣新北地方法院（青雲）,1,往民生社區
262,1,7,土城看守所,2,往民生社區
262,1,8,廣福里,1,往民生社區
262,1,9,廣福國小,1,往民生社區
262,1,10,裕民路口（學府路）,2,往民生社區
262,1,11,新北高工（學府）,1,往民生社區
262,1,12,學士路口,1,往民生社區
262,1,13,裕民路口（金城路）,3,往民生社區
262,1,14,中正國中,1,往民生社區
262,1,15,臺灣新北地方法院（金城）,1,往民生社區
262,1,16,清水國小,1,往民生社區
262,1,17,永豐路口,1,往民生社區
262,1,18,平和里,1,往民生社區
262,1,19,變電所,2,往民生社區
262,1,20,駕訓中心,2,往民生社區
262,1,21,中和高中,1,往民生社區
262,1,22,連城路,3,往民生社區
262,1,23,中正路,2,往民生社區
262,1,24,平河里,2,往民生社區
262,1,25,中原里,1,往民生社區
262,1,26,中山錦和路口,1,往民生社區
262,1,27,捷運橋和站,2,往民生社區
262,1,28,中和保養廠,2,往民生社區
262,1,29,家美工業區,1,往民生社區
262,1,30,捷運中和站（中山路）,1,往民生社區
262,1,31,連城路口,2,往民生社區
262,1,32,中和區公所（景平路）,1,往民生社區
262,1,33,南華路口,1,往民生社區
262,1,34,捷運景安站（景平路）,3,往民生社區
262,1,35,中和教會,3,往民生社區
262,1,36,智光商職,1,往民生社區
262,1,37,中興二村,1,往民生社區
262,1,38,中興新村,1,往民生社區
262,1,39,得和路口,1,往民生社區
262,1,40,永和國小,2,往民生社區
262,1,41,福和里,1,往民生社區
262,1,42,大新街,1,往民生社區
262,1,43,正興里,1,往民生社區
262,1,44,捷運頂溪站,2,往民生社區
262,1,45,中正橋頭,1,往民生社區
262,1,46,重慶南路三段（中正橋）,2,往民生社區
262,1,47,寧波重慶路口,2,往民生社區
262,1,48,中正二分局,1,往民生社區
262,1,49,一女中（重慶）,2,往民生社區
262,1,50,博愛路,2,往民生社區
262,1,51,臺北郵局,2,往民生社區
262,1,52,臺北車站（忠孝）,2,往民生社區
262,1,53,捷運善導寺站,2,往民生社區
262,1,54,華山文創園區,1,往民生社區
262,1,55,忠孝國小,2,往民生社區
262,1,56,臺北科技大學（忠孝）,1,往民生社區
262,1,57,正義郵局,2,往民生社區
262,1,58,懷生國中,1,往民生社區
262,1,59,頂好市場,1,往民生社區
262,1,60,捷運忠孝敦化站,1,往民生社區
262,1,61,市民大道口,1,往民生社區
262,1,62,市立體育場,2,往民生社區
262,1,63,臺北小巨蛋,1,往民生社區
262,1,64,長庚醫院,1,往民生社區
262,1,65,公教住宅,1,往民生社區
262,1,66,介壽國中,2,往民生社區
262,1,67,聯合二村,1,往民生社區
262,1,68,民生社區活動中心,0,往民生社區
262,1,69,新東街口,2,往民生社區
262,1,70,塔悠路,1,往民生社區
262,1,71,撫遠抽水站,0,往民生社區
262,1,72,塔悠疏散門,2,往民生社區
262,2,73,莊敬里,5,往宏國德霖科技大學
262,2,74,新益里,1,往宏國德霖科技大學
262,2,75,民生國中,1,往宏國德霖科技大學
262,2,76,新東街口,1,往宏國德霖科技大學
262,2,77,民生社區活動中心,1,往宏國德霖科技大學
262,2,78,聯合二村,1,往宏國德霖科技大學
262,2,79,介壽國中,2,往宏國德霖科技大學
262,2,80,公教住宅,0,往宏國德霖科技大學
262,2,81,富錦街口,1,往宏國德霖科技大學
262,2,82,松山機場,1,往宏國德霖科技大學
262,2,83,民生敦化路口,2,往宏國德霖科技大學
262,2,84,長春敦化路口,1,往宏國德霖科技大學
262,2,85,臺北小巨蛋,2,往宏國德霖科技大學
262,2,86,八德敦化路口,0,往宏國德霖科技大學
262,2,87,市民敦化路口,2,往宏國德霖科技大學
262,2,88,頂好市場,1,往宏國德霖科技大學
262,2,89,捷運忠孝復興站,1,往宏國德霖科技大學
262,2,90,正義郵局,1,往宏國德霖科技大學
262,2,91,臺北科技大學（忠孝）,2,往宏國德霖科技大學
262,2,92,忠孝國小,0,往宏國德霖科技大學
262,2,93,華山文創園區,1,往宏國德霖科技大學
262,2,94,捷運善導寺站,1,往宏國德霖科技大學
262,2,95,臺北車站（忠孝）,2,往宏國德霖科技大學
262,2,96,中華路北站,1,往宏國德霖科技大學
262,2,97,捷運西門站,2,往宏國德霖科技大學
262,2,98,小南門（和平院區）,1,往宏國德霖科技大學
262,2,99,捷運小南門站,1,往宏國德霖科技大學
262,2,100,中正二分局,1,往宏國德霖科技大學
262,2,101,寧波重慶路口,1,往宏國德霖科技大學
262,2,102,重慶南路三段（中正橋）,1,往宏國德霖科技大學
262,2,103,捷運頂溪站,2,往宏國德霖科技大學
262,2,104,中興街口,2,往宏國德霖科技大學
262,2,105,豫溪街口（中正路）,1,往宏國德霖科技大學
262,2,106,大新街,1,往宏國德霖科技大學
262,2,107,福和里,1,往宏國德霖科技大學
262,2,108,永和國小,2,往宏國德霖科技大學
262,2,109,得和路口,1,往宏國德霖科技大學
262,2,110,中興新村,1,往宏國德霖科技大學
262,2,111,中興二村,2,往宏國德霖科技大學
262,2,112,智光商職,1,往宏國德霖科技大學
262,2,113,南勢角（景平路）,1,往宏國德霖科技大學
262,2,114,中和教會,1,往宏國德霖科技大學
262,2,115,捷運景安站（景平路）,1,往宏國德霖科技大學
262,2,116,南華路口,1,往宏國德霖科技大學
262,2,117,中和區公所（景平路）,1,往宏國德霖科技大學
262,2,118,連城路口,2,往宏國德霖科技大學
262,2,119,捷運中和站（中山路）,1,往宏國德霖科技大學
262,2,120,家美工業區,1,往宏國德霖科技大學
262,2,121,中和保養廠,1,往宏國德霖科技大學
262,2,122,捷運橋和站,1,往宏國德霖科技大學
262,2,123,中山錦和路口,1,往宏國德霖科技大學
262,2,124,中原里,1,往宏國德霖科技大學
262,2,125,平河里,1,往宏國德霖科技大學
262,2,126,中正路,0,往宏國德霖科技大學
262,2,127,心中市,1,往宏國德霖科技大學
262,2,128,連城路,1,往宏國德霖科技大學
262,2,129,中和高中,1,往宏國德霖科技大學
262,2,130,駕訓中心,1,往宏國德霖科技大學
262,2,131,變電所,2,往宏國德霖科技大學
262,2,132,平和里,1,往宏國德霖科技大學
262,2,133,永豐路口,1,往宏國德霖科技大學
262,2,134,清水國小,1,往宏國德霖科技大學
262,2,135,臺灣新北地方法院（金城）,1,往宏國德霖科技大學
262,2,136,中正國中,1,往宏國德霖科技大學
262,2,137,裕民路口（金城路）,1,往宏國德霖科技大學
262,2,138,學士路口,1,往宏國德霖科技大學
262,2,139,新北高工（學府）,0,往宏國德霖科技大學
262,2,140,裕民路口（學府路）,2,往宏國德霖科技大學
262,2,141,廣福國小,1,往宏國德霖科技大學
262,2,142,廣福里,1,往宏國德霖科技大學
262,2,143,土城看守所,1,往宏國德霖科技大學
262,2,144,臺灣新北地方法院（青雲）,1,往宏國德霖科技大學
262,2,145,清水,1,往宏國德霖科技大學
262,2,146,清水派山所,1,往宏國德霖科技大學
262,2,147,檳榔科,1,往宏國德霖科技大學
262,2,148,清和里,2,往宏國德霖科技大學
262,2,149,宏國德霖科技大學,1,往宏國德霖科技大學
,,,,,
262區,1,1,中和保養廠,2,往民生社區
262區,1,2,家美工業區,1,往民生社區
262區,1,3,捷運中和站（中山路）,1,往民生社區
262區,1,4,連城路口,2,往民生社區
262區,1,5,中和區公所（景平路）,1,往民生社區
262區,1,6,南華路口,1,往民生社區
262區,1,7,捷運景安站（景平路）,3,往民生社區
262區,1,8,中和教會,3,往民生社區
262區,1,9,智光商職,1,往民生社區
262區,1,10,中興二村,1,往民生社區
262區,1,11,中興新村,1,往民生社區
262區,1,12,得和路口,1,往民生社區
262區,1,13,永和國小,2,往民生社區
262區,1,14,福和里,1,往民生社區
262區,1,15,大新街,1,往民生社區
262區,1,16,正興里,1,往民生社區
262區,1,17,捷運頂溪站,2,往民生社區
262區,1,18,中正橋頭,1,往民生社區
262區,1,19,重慶南路三段（中正橋）,2,往民生社區
262區,1,20,寧波重慶路口,2,往民生社區
262區,1,21,中正二分局,1,往民生社區
262區,1,22,一女中（重慶）,2,往民生社區
262區,1,23,博愛路,2,往民生社區
262區,1,24,臺北郵局,2,往民生社區
262區,1,25,臺北車站（忠孝）,2,往民生社區
262區,1,26,捷運善導寺站,2,往民生社區
262區,1,27,華山文創園區,1,往民生社區
262區,1,28,忠孝國小,2,往民生社區
262區,1,29,臺北科技大學（忠孝）,1,往民生社區
262區,1,30,正義郵局,2,往民生社區
262區,1,31,懷生國中,1,往民生社區
262區,1,32,頂好市場,1,往民生社區
262區,1,33,捷運忠孝敦化站,1,往民生社區
262區,1,34,市民大道口,1,往民生社區
262區,1,35,市立體育場,2,往民生社區
262區,1,36,臺北小巨蛋,1,往民生社區
262區,1,37,長庚醫院,1,往民生社區
262區,1,38,公教住宅,1,往民生社區
262區,1,39,介壽國中,2,往民生社區
262區,1,40,聯合二村,1,往民生社區
262區,1,41,民生社區活動中心,0,往民生社區
262區,1,42,新東街口,2,往民生社區
262區,1,43,塔悠路,1,往民生社區
262區,1,44,撫遠抽水站,0,往民生社區
262區,1,45,塔悠疏散門,2,往民生社區
262區,2,46,莊敬里,5,往中和
262區,2,47,新益里,1,往中和
262區,2,48,民生國中,1,往中和
262區,2,49,新東街口,1,往中和
262區,2,50,民生社區活動中心,1,往中和
262區,2,51,聯合二村,1,往中和
262區,2,52,介壽國中,2,往中和
262區,2,53,公教住宅,0,往中和
262區,2,54,富錦街口,1,往中和
262區,2,55,松山機場,1,往中和
262區,2,56,民生敦化路口,2,往中和
262區,2,57,長春敦化路口,1,往中和
262區,2,58,臺北小巨蛋,2,往中和
262區,2,59,八德敦化路口,0,往中和
262區,2,60,市民敦化路口,2,往中和
262區,2,61,頂好市場,1,往中和
262區,2,62,捷運忠孝復興站,1,往中和
262區,2,63,正義郵局,1,往中和
262區,2,64,臺北科技大學（忠孝）,2,往中和
262區,2,65,忠孝國小,0,往中和
262區,2,66,華山文創園區,1,往中和
262區,2,67,捷運善導寺站,1,往中和
262區,2,68,臺北車站（忠孝）,2,往中和
262區,2,69,中華路北站,1,往中和
262區,2,70,捷運西門站,2,往中和
262區,2,71,小南門（和平院區）,1,往中和
262區,2,72,捷運小南門站,1,往中和
262區,2,73,中正二分局,1,往中和
262區,2,74,寧波重慶路口,1,往中和
262區,2,75,重慶南路三段（中正橋）,1,往中和
262區,2,76,捷運頂溪站,2,往中和
262區,2,77,中興街口,2,往中和
262區,2,78,豫溪街口（中正路）,1,往中和
262區,2,79,大新街,1,往中和
262區,2,80,福和里,1,往中和
262區,2,81,永和國小,2,往中和
262區,2,82,得和路口,1,往中和
262區,2,83,中興新村,1,往中和
262區,2,84,中興二村,2,往中和
262區,2,85,智光商職,1,往中和
262區,2,86,南勢角（景平路）,1,往中和
262區,2,87,中和教會,1,往中和
262區,2,88,捷運景安站（景平路）,1,往中和
262區,2,89,南華路口,1,往中和
262區,2,90,中和區公所（景平路）,1,往中和
262區,2,91,連城路口,2,往中和
262區,2,92,捷運中和站（中山路）,1,往中和
262區,2,93,家美工業區,1,往中和
262區,2,94,中和保養廠,1,往中和
,,,,,
270,1,1,中華科技大學（正門）,0,往捷運西門站
270,1,2,中華科技大學,0,往捷運西門站
270,1,3,軍人公墓,1,往捷運西門站
270,1,4,凌雲站,1,往捷運西門站
270,1,5,九如里二,1,往捷運西門站
270,1,6,凌雲五村,1,往捷運西門站
270,1,7,九如里一,1,往捷運西門站
270,1,8,胡適公園,1,往捷運西門站
270,1,9,中研院,1,往捷運西門站
270,1,10,中研新村,1,往捷運西門站
270,1,11,圓拱橋,1,往捷運西門站
270,1,12,南港水廠,1,往捷運西門站
270,1,13,誠正國中,2,往捷運西門站
270,1,14,國家文官學院,2,往捷運西門站
270,1,15,台北生技園區,1,往捷運西門站
270,1,16,捷運南港站,1,往捷運西門站
270,1,17,南港機廠,2,往捷運西門站
270,1,18,捷運昆陽站,2,往捷運西門站
270,1,19,陸軍後勤指揮部,1,往捷運西門站
270,1,20,國華新村,1,往捷運西門站
270,1,21,聯合醫院忠孝院區,1,往捷運西門站
270,1,22,捷運後山埤站（忠孝）,2,往捷運西門站
270,1,23,春光公園,2,往捷運西門站
270,1,24,永春里（忠孝）,1,往捷運西門站
270,1,25,捷運永春站（忠孝）,1,往捷運西門站
270,1,26,市立工農,1,往捷運西門站
270,1,27,消防局（忠孝）,2,往捷運西門站
270,1,28,捷運市政府站,1,往捷運西門站
270,1,29,聯合報,2,往捷運西門站
270,1,30,國父紀念館,3,往捷運西門站
270,1,31,仁愛光復路口,1,往捷運西門站
270,1,32,仁愛延吉街口,1,往捷運西門站
270,1,33,仁愛國泰醫院,1,往捷運西門站
270,1,34,仁愛安和路口,1,往捷運西門站
270,1,35,仁愛敦化路口（圓環）,1,往捷運西門站
270,1,36,仁愛復興路口（福華飯店）,2,往捷運西門站
270,1,37,仁愛建國路口二,2,往捷運西門站
270,1,38,幸安國小,1,往捷運西門站
270,1,39,仁愛新生路口,1,往捷運西門站
270,1,40,仁愛臨沂街口,1,往捷運西門站
270,1,41,仁愛杭州路口,1,往捷運西門站
270,1,42,仁愛林森路口,2,往捷運西門站
270,1,43,仁愛中山路口,1,往捷運西門站
270,1,44,一女中（貴陽）,2,往捷運西門站
270,1,45,東吳大學城中校區,3,往捷運西門站
270,1,46,小南門（和平院區）,1,往捷運西門站
270,1,47,捷運西門站,1,往捷運西門站
270,2,48,臺北市憲兵隊,0,往中華科技大學
270,2,49,東吳大學城中校區,1,往中華科技大學
270,2,50,一女中（貴陽）,2,往中華科技大學
270,2,51,仁愛中山路口,3,往中華科技大學
270,2,52,仁愛林森路口,1,往中華科技大學
270,2,53,仁愛紹興街口,1,往中華科技大學
270,2,54,仁愛臨沂街口,1,往中華科技大學
270,2,55,仁愛新生路口,2,往中華科技大學
270,2,56,幸安國小,1,往中華科技大學
270,2,57,仁愛建國路口一,1,往中華科技大學
270,2,58,仁愛建國路口二,1,往中華科技大學
270,2,59,仁愛復興路口（福華飯店）,1,往中華科技大學
270,2,60,仁愛大安路口（仁愛醫院）,1,往中華科技大學
270,2,61,仁愛敦化路口（圓環）,1,往中華科技大學
270,2,62,仁愛安和路口,3,往中華科技大學
270,2,63,仁愛國泰醫院,1,往中華科技大學
270,2,64,仁愛延吉街口,1,往中華科技大學
270,2,65,仁愛光復路口,1,往中華科技大學
270,2,66,國父紀念館,1,往中華科技大學
270,2,67,市政府（市府）,1,往中華科技大學
270,2,68,捷運市政府站,1,往中華科技大學
270,2,69,市立工農,4,往中華科技大學
270,2,70,捷運永春站（忠孝）,1,往中華科技大學
270,2,71,永春里（忠孝）,2,往中華科技大學
270,2,72,春光公園,1,往中華科技大學
270,2,73,捷運後山埤站（忠孝）,2,往中華科技大學
270,2,74,聯合醫院忠孝院區,1,往中華科技大學
270,2,75,國華新村,2,往中華科技大學
270,2,76,陸軍後勤指揮部,1,往中華科技大學
270,2,77,捷運昆陽站,1,往中華科技大學
270,2,78,南港機廠,2,往中華科技大學
270,2,79,捷運南港站,2,往中華科技大學
270,2,80,台北生技園區,1,往中華科技大學
270,2,81,國家文官學院,1,往中華科技大學
270,2,82,誠正國中,1,往中華科技大學
270,2,83,南港水廠,1,往中華科技大學
270,2,84,圓拱橋,1,往中華科技大學
270,2,85,中研新村,1,往中華科技大學
270,2,86,中研院,1,往中華科技大學
270,2,87,胡適公園,2,往中華科技大學
270,2,88,九如里一,1,往中華科技大學
270,2,89,凌雲五村,1,往中華科技大學
270,2,90,九如里二,1,往中華科技大學
270,2,91,凌雲站,1,往中華科技大學
270,2,92,中華科技大學（正門）,1,往中華科技大學
270,2,93,中華科技大學,1,往中華科技大學
,,,,,
270區,1,1,中華科技大學（正門）,0,往聯合報
270區,1,2,中華科技大學,0,往聯合報
270區,1,3,軍人公墓,1,往聯合報
270區,1,4,凌雲站,1,往聯合報
270區,1,5,九如里二,0,往聯合報
270區,1,6,凌雲五村,1,往聯合報
270區,1,7,九如里一,1,往聯合報
270區,1,8,胡適公園,2,往聯合報
270區,1,9,中研院,1,往聯合報
270區,1,10,中研新村,1,往聯合報
270區,1,11,圓拱橋,1,往聯合報
270區,1,12,南港水廠,1,往聯合報
270區,1,13,誠正國中,1,往聯合報
270區,1,14,國家文官學院,2,往聯合報
270區,1,15,台北生技園區,0,往聯合報
270區,1,16,捷運南港站,2,往聯合報
270區,1,17,南港機廠,2,往聯合報
270區,1,18,捷運昆陽站,1,往聯合報
270區,1,19,陸軍後勤指揮部,2,往聯合報
270區,1,20,國華新村,1,往聯合報
270區,1,21,聯合醫院忠孝院區,1,往聯合報
270區,1,22,捷運後山埤站（忠孝）,1,往聯合報
270區,1,23,春光公園,2,往聯合報
270區,1,24,永春里（忠孝）,1,往聯合報
270區,1,25,捷運永春站（忠孝）,1,往聯合報
270區,1,26,市立工農,2,往聯合報
270區,1,27,消防局（忠孝）,1,往聯合報
270區,1,28,捷運市政府站,1,往聯合報
270區,1,29,聯合報,2,往聯合報
270區,2,30,捷運市政府站,11,往中華科技大學
270區,2,31,市立工農,1,往中華科技大學
270區,2,32,捷運永春站（忠孝）,1,往中華科技大學
270區,2,33,永春里（忠孝）,1,往中華科技大學
270區,2,34,春光公園,2,往中華科技大學
270區,2,35,捷運後山埤站（忠孝）,1,往中華科技大學
270區,2,36,聯合醫院忠孝院區,2,往中華科技大學
270區,2,37,國華新村,1,往中華科技大學
270區,2,38,陸軍後勤指揮部,1,往中華科技大學
270區,2,39,捷運昆陽站,0,往中華科技大學
270區,2,40,南港機廠,2,往中華科技大學
270區,2,41,捷運南港站,1,往中華科技大學
270區,2,42,台北生技園區,1,往中華科技大學
270區,2,43,國家文官學院,2,往中華科技大學
270區,2,44,誠正國中,1,往中華科技大學
270區,2,45,南港水廠,1,往中華科技大學
270區,2,46,圓拱橋,1,往中華科技大學
270區,2,47,中研新村,1,往中華科技大學
270區,2,48,中研院,2,往中華科技大學
270區,2,49,胡適公園,0,往中華科技大學
270區,2,50,九如里一,1,往中華科技大學
270區,2,51,凌雲五村,1,往中華科技大學
270區,2,52,九如里二,1,往中華科技大學
270區,2,53,凌雲站,1,往中華科技大學
270區,2,54,中華科技大學（正門）,1,往中華科技大學
270區,2,55,中華科技大學,1,往中華科技大學
,,,,,
277,1,1,松德站,0,往榮總
277,1,2,國稅局宿舍,1,往榮總
277,1,3,松山商職（信義）,1,往榮總
277,1,4,永春公寓,2,往榮總
277,1,5,捷運永春站（松山）,1,往榮總
277,1,6,雙永國小,1,往榮總
277,1,7,永吉松山路口,1,往榮總
277,1,8,國民住宅,2,往榮總
277,1,9,興雅國小,1,往榮總
277,1,10,東興路,2,往榮總
277,1,11,東興路一,2,往榮總
277,1,12,南京公寓（捷運南京三民）,1,往榮總
277,1,13,南京三民路口,1,往榮總
277,1,14,南京寧安街口,2,往榮總
277,1,15,臺北小巨蛋,3,往榮總
277,1,16,長庚醫院,1,往榮總
277,1,17,民生敦化路口,3,往榮總
277,1,18,民生復興路口,1,往榮總
277,1,19,臺北大學（臺北校區）,1,往榮總
277,1,20,合江街口 ,2,往榮總
277,1,21,民生松江路口,1,往榮總
277,1,22,民權松江路口,2,往榮總
277,1,23,民權吉林路口,1,往榮總
277,1,24,捷運中山國小站,1,往榮總
277,1,25,大同公司（晴光市場）,2,往榮總
277,1,26,大同大學,1,往榮總
277,1,27,臺北市立美術館,2,往榮總
277,1,28,劍潭,3,往榮總
277,1,29,捷運劍潭站（北藝中心）,2,往榮總
277,1,30,小北街,3,往榮總
277,1,31,士林,4,往榮總
277,1,32,捷運芝山站一,2,往榮總
277,1,33,捷運芝山站（戲曲中心）,1,往榮總
277,1,34,一正高中,1,往榮總
277,1,35,文林國小,1,往榮總
277,1,36,石牌,1,往榮總
277,1,37,石牌路,3,往榮總
277,1,38,石牌國小,1,往榮總
277,1,39,綜合市場（捷運石牌站）,2,往榮總
277,1,40,永明派出所,1,往榮總
277,1,41,榮總,1,往榮總
277,2,42,榮總一,5,往松德站
277,2,43,榮總,1,往松德站
277,2,44,永明派出所,1,往松德站
277,2,45,綜合市場（捷運石牌站）,1,往松德站
277,2,46,石牌國小,1,往松德站
277,2,47,石牌路,1,往松德站
277,2,48,石牌,1,往松德站
277,2,49,文林國小,1,往松德站
277,2,50,一正高中,1,往松德站
277,2,51,捷運芝山站（戲曲中心）,1,往松德站
277,2,52,捷運芝山站一,2,往松德站
277,2,53,士林,2,往松德站
277,2,54,捷運士林站（中正）,1,往松德站
277,2,55,捷運士林站（中山）,1,往松德站
277,2,56,台電台北北區營業區,1,往松德站
277,2,57,銘傳大學,1,往松德站
277,2,58,捷運劍潭站（中山）,1,往松德站
277,2,59,劍潭,2,往松德站
277,2,60,民族東路口,3,往松德站
277,2,61,稻江護校,1,往松德站
277,2,62,中山國小（新生）,1,往松德站
277,2,63,民權吉林路口,2,往松德站
277,2,64,捷運行天宮站（松江路）,3,往松德站
277,2,65,民生松江路口,1,往松德站
277,2,66,合江街口 ,1,往松德站
277,2,67,臺北大學（臺北校區）,2,往松德站
277,2,68,民生復興路口,1,往松德站
277,2,69,民生敦化路口,1,往松德站
277,2,70,長春敦化路口,2,往松德站
277,2,71,臺北小巨蛋,1,往松德站
277,2,72,南京寧安街口,2,往松德站
277,2,73,南京三民路口,2,往松德站
277,2,74,南京公寓（捷運南京三民）,2,往松德站
277,2,75,東興路一,1,往松德站
277,2,76,東興路,1,往松德站
277,2,77,興雅國小,4,往松德站
277,2,78,國民住宅,1,往松德站
277,2,79,永吉松山路口,1,往松德站
277,2,80,雙永國小,1,往松德站
277,2,81,永春公寓,2,往松德站
277,2,82,松山商職（松山）,2,往松德站
277,2,83,國業里 ,1,往松德站
277,2,84,國稅局宿舍,1,往松德站
277,2,85,松德站,1,往松德站
,,,,,
299,2,1,永春高中,0,往新莊
299,2,2,松山商職（松山）,0,往新莊
299,2,3,永春公寓,2,往新莊
299,2,4,捷運永春站（松山）,1,往新莊
299,2,5,雙永國小,0,往新莊
299,2,6,永吉松山路口,2,往新莊
299,2,7,國民住宅,1,往新莊
299,2,8,松隆路口,2,往新莊
299,2,9,松山高中（松隆）,1,往新莊
299,2,10,聯合報,4,往新莊
299,2,11,捷運國父紀念館站（忠孝）,2,往新莊
299,2,12,交通部觀光署,1,往新莊
299,2,13,阿波羅大廈,1,往新莊
299,2,14,捷運忠孝敦化站,2,往新莊
299,2,15,頂好市場,1,往新莊
299,2,16,捷運忠孝復興站,2,往新莊
299,2,17,正義郵局,1,往新莊
299,2,18,臺北科技大學（忠孝）,2,往新莊
299,2,19,忠孝國小,2,往新莊
299,2,20,華山文創園區,1,往新莊
299,2,21,捷運善導寺站,1,往新莊
299,2,22,臺北車站（忠孝）,4,往新莊
299,2,23,新北大道中華路口,8,往新莊
299,2,24,新北大道重光街口,4,往新莊
299,2,25,化成新北大道路口,2,往新莊
299,2,26,頭前庄,1,往新莊
299,2,27,善導庵,1,往新莊
299,2,28,頭前國小,1,往新莊
299,2,29,頭前里,1,往新莊
299,2,30,化成路口,1,往新莊
299,2,31,幸福東路,1,往新莊
299,2,32,幸福思源路口,2,往新莊
299,2,33,幸福新城,1,往新莊
299,2,34,幸福中華路口,1,往新莊
299,2,35,正邦社區,1,往新莊
299,2,36,中華路,1,往新莊
299,2,37,財元廣場,1,往新莊
299,2,38,新莊田徑場（中和里） ,2,往新莊
299,2,39,新莊體育場（立功里）,1,往新莊
299,2,40,新莊棒球場（立功里立德里）,1,往新莊
299,2,41,新泰國中南站,1,往新莊
299,2,42,材試所,1,往新莊
299,2,43,新泰中正路口,1,往新莊
299,2,44,海山里,2,往新莊
299,2,45,盲人重建院,2,往新莊
299,2,46,捷運輔大站（建國一路）,3,往新莊
299,2,47,建國一路,1,往新莊
299,2,48,建國後港路口,1,往新莊
299,2,49,建國二路口,1,往新莊
299,2,50,新樹民安路口（新泰醫院）,1,往新莊
299,2,51,西盛,1,往新莊
299,2,52,東方之星,1,往新莊
299,2,53,西盛館,1,往新莊
299,2,54,家麒新天地,1,往新莊
299,2,55,正豐,1,往新莊
299,2,56,大安變電所（大安路）,2,往新莊
299,2,57,三重客運新莊站,1,往新莊
299,1,58,三重客運新莊站,13,往永春高中
299,1,59,大安變電所（大安路）,0,往永春高中
299,1,60,正豐,1,往永春高中
299,1,61,西盛一,1,往永春高中
299,1,62,家麒新天地,1,往永春高中
299,1,63,西盛館,1,往永春高中
299,1,64,東方之星,1,往永春高中
299,1,65,西盛,1,往永春高中
299,1,66,新樹民安路口（新泰醫院）,1,往永春高中
299,1,67,建國二路口,2,往永春高中
299,1,68,建國後港路口,1,往永春高中
299,1,69,建國一路,1,往永春高中
299,1,70,捷運輔大站（建國一路）,0,往永春高中
299,1,71,捷運輔大站,2,往永春高中
299,1,72,盲人重建院,1,往永春高中
299,1,73,海山里,2,往永春高中
299,1,74,新泰中正路口,1,往永春高中
299,1,75,材試所,1,往永春高中
299,1,76,新泰國中南站,1,往永春高中
299,1,77,新莊棒球場（立功里立德里）,1,往永春高中
299,1,78,新莊體育場（立功里）,1,往永春高中
299,1,79,新莊田徑場（中和里） ,1,往永春高中
299,1,80,財元廣場,1,往永春高中
299,1,81,中華路,1,往永春高中
299,1,82,正邦社區,1,往永春高中
299,1,83,幸福中華路口,1,往永春高中
299,1,84,幸福新城,1,往永春高中
299,1,85,幸福思源路口,1,往永春高中
299,1,86,幸福東路,1,往永春高中
299,1,87,化成路口,1,往永春高中
299,1,88,頭前里,1,往永春高中
299,1,89,頭前國小,1,往永春高中
299,1,90,善導庵,1,往永春高中
299,1,91,頭前庄,2,往永春高中
299,1,92,新北大道化成路口,1,往永春高中
299,1,93,新北大道中興路口,2,往永春高中
299,1,94,新北大道中華路口,3,往永春高中
299,1,95,臺北車站（忠孝）,10,往永春高中
299,1,96,捷運善導寺站,1,往永春高中
299,1,97,華山文創園區,1,往永春高中
299,1,98,忠孝國小,1,往永春高中
299,1,99,臺北科技大學（忠孝）,1,往永春高中
299,1,100,正義郵局,1,往永春高中
299,1,101,懷生國中,2,往永春高中
299,1,102,頂好市場,1,往永春高中
299,1,103,捷運忠孝敦化站,1,往永春高中
299,1,104,阿波羅大廈,2,往永春高中
299,1,105,交通部觀光署,1,往永春高中
299,1,106,捷運國父紀念館站（忠孝）,1,往永春高中
299,1,107,聯合報,2,往永春高中
299,1,108,松山高中（松隆）,1,往永春高中
299,1,109,松隆路口,2,往永春高中
299,1,110,興雅國小,1,往永春高中
299,1,111,國民住宅,1,往永春高中
299,1,112,永吉松山路口,1,往永春高中
299,1,113,雙永國小,1,往永春高中
299,1,114,永春公寓,1,往永春高中
299,1,115,松山商職（松山）,1,往永春高中
299,1,116,永春高中,1,往永春高中
,,,,,
307,1,1,臺北客運板橋前站（藝文）,0,往撫遠街
307,1,2,新月橋,0,往撫遠街
307,1,3,新月一街,1,往撫遠街
307,1,4,板橋國中（435藝文特區）,1,往撫遠街
307,1,5,港尾,2,往撫遠街
307,1,6,港尾福德宮,1,往撫遠街
307,1,7,大庭新村,1,往撫遠街
307,1,8,社后,1,往撫遠街
307,1,9,板橋戶政事務所,2,往撫遠街
307,1,10,北門街（黃石市場）,1,往撫遠街
307,1,11,捷運府中站（府中路）,1,往撫遠街
307,1,12,萬坪公園,1,往撫遠街
307,1,13,新北板橋公車站,1,往撫遠街
307,1,14,新北市政府（新府路）,2,往撫遠街
307,1,15,深丘里（板橋放送所）,1,往撫遠街
307,1,16,民族區運路口,1,往撫遠街
307,1,17,電信訓練所,2,往撫遠街
307,1,18,國泰街口,1,往撫遠街
307,1,19,環球購物中心,1,往撫遠街
307,1,20,板橋監理站,1,往撫遠街
307,1,21,積穗,1,往撫遠街
307,1,22,積穗派出所,1,往撫遠街
307,1,23,員山公園,1,往撫遠街
307,1,24,積穗國中,1,往撫遠街
307,1,25,員山派出所,1,往撫遠街
307,1,26,中和高中（員山路）,1,往撫遠街
307,1,27,連城路,1,往撫遠街
307,1,28,連城中正路口,1,往撫遠街
307,1,29,台貿一村,2,往撫遠街
307,1,30,中和國稅局,1,往撫遠街
307,1,31,捷運中和站,3,往撫遠街
307,1,32,華中橋,0,往撫遠街
307,1,33,果菜市場,4,往撫遠街
307,1,34,萬大國小,1,往撫遠街
307,1,35,德昌街口,1,往撫遠街
307,1,36,西藏路口,1,往撫遠街
307,1,37,萬大路,1,往撫遠街
307,1,38,莒光派出所,1,往撫遠街
307,1,39,大埔街,1,往撫遠街
307,1,40,聯合醫院和平院區,1,往撫遠街
307,1,41,捷運西門站,2,往撫遠街
307,1,42,中華路北站,1,往撫遠街
307,1,43,臺北車站（忠孝）,1,往撫遠街
307,1,44,行政院,2,往撫遠街
307,1,45,青島林森路口,1,往撫遠街
307,1,46,北平林森路口,1,往撫遠街
307,1,47,華山公園,1,往撫遠街
307,1,48,林森北路一,1,往撫遠街
307,1,49,南京吉林路口,1,往撫遠街
307,1,50,捷運松江南京站,2,往撫遠街
307,1,51,南京建國路口,1,往撫遠街
307,1,52,南京龍江路口,1,往撫遠街
307,1,53,捷運南京復興站,2,往撫遠街
307,1,54,南京敦化路口（小巨蛋）,1,往撫遠街
307,1,55,南京寧安街口,1,往撫遠街
307,1,56,南京三民路口,1,往撫遠街
307,1,57,南京公寓（捷運南京三民）,1,往撫遠街
307,1,58,南松山（南京）,2,往撫遠街
307,1,59,南松山（塔悠）,1,往撫遠街
307,1,60,發電所（西松高中）,1,往撫遠街
307,1,61,新東里,2,往撫遠街
307,1,62,民生國中,1,往撫遠街
307,1,63,新益里,0,往撫遠街
307,1,64,莊敬里,2,往撫遠街
307,2,65,莊敬里,3,往板橋
307,2,66,新益里,1,往板橋
307,2,67,民生國中,1,往板橋
307,2,68,新東里,2,往板橋
307,2,69,發電所（西松高中）,1,往板橋
307,2,70,南松山（塔悠）,1,往板橋
307,2,71,南松山（南京）,1,往板橋
307,2,72,南京公寓（捷運南京三民）,2,往板橋
307,2,73,南京三民路口,2,往板橋
307,2,74,南京寧安街口,2,往板橋
307,2,75,南京敦化路口（小巨蛋）,2,往板橋
307,2,76,捷運南京復興站,2,往板橋
307,2,77,南京龍江路口,2,往板橋
307,2,78,南京建國路口,1,往板橋
307,2,79,捷運松江南京站,1,往板橋
307,2,80,南京吉林路口,1,往板橋
307,2,81,南京林森路口,2,往板橋
307,2,82,中山市場,2,往板橋
307,2,83,行政院,3,往板橋
307,2,84,臺北車站（忠孝）,1,往板橋
307,2,85,中華路北站,4,往板橋
307,2,86,捷運西門站,1,往板橋
307,2,87,小南門,3,往板橋
307,2,88,聯合醫院和平院區,1,往板橋
307,2,89,大埔街,2,往板橋
307,2,90,莒光派出所,1,往板橋
307,2,91,萬大路,1,往板橋
307,2,92,西藏路口,1,往板橋
307,2,93,德昌街口,1,往板橋
307,2,94,萬大國小,1,往板橋
307,2,95,果菜市場,2,往板橋
307,2,96,華中橋,5,往板橋
307,2,97,捷運中和站,1,往板橋
307,2,98,中和國稅局,2,往板橋
307,2,99,台貿一村,1,往板橋
307,2,100,連城中正路口,3,往板橋
307,2,101,連城路,1,往板橋
307,2,102,中和高中（員山路）,1,往板橋
307,2,103,員山派出所,1,往板橋
307,2,104,積穗國中,1,往板橋
307,2,105,員山公園,2,往板橋
307,2,106,積穗,1,往板橋
307,2,107,板橋監理站,1,往板橋
307,2,108,環球購物中心,2,往板橋
307,2,109,國泰街口,2,往板橋
307,2,110,電信訓練所,1,往板橋
307,2,111,民族區運路口,1,往板橋
307,2,112,深丘里（板橋放送所）,0,往板橋
307,2,113,新北市政府（新府路）,2,往板橋
307,2,114,新北板橋公車站,1,往板橋
307,2,115,萬坪公園,2,往板橋
307,2,116,北門街（黃石市場）,3,往板橋
307,2,117,板橋戶政事務所,1,往板橋
307,2,118,社后,1,往板橋
307,2,119,大庭新村,2,往板橋
307,2,120,港尾福德宮,1,往板橋
307,2,121,港尾,1,往板橋
307,2,122,板橋國中（435藝文特區）,1,往板橋
307,2,123,名來新城（中正路）,1,往板橋
307,2,124,臺北客運板橋前站（藝文）,1,往板橋
,,,,,
656,1,1,四海站,0,往捷運台大醫院站
656,1,2,少年觀護所,0,往捷運台大醫院站
656,1,3,清化里,1,往捷運台大醫院站
656,1,4,宏國德霖科技大學,1,往捷運台大醫院站
656,1,5,清和里,1,往捷運台大醫院站
656,1,6,檳榔科,1,往捷運台大醫院站
656,1,7,清水派出所,1,往捷運台大醫院站
656,1,8,清水,1,往捷運台大醫院站
656,1,9,臺灣新北地方法院（青雲）,1,往捷運台大醫院站
656,1,10,土城看守所,1,往捷運台大醫院站
656,1,11,廣福里,1,往捷運台大醫院站
656,1,12,廣福國小,1,往捷運台大醫院站
656,1,13,新北高工（裕民）,2,往捷運台大醫院站
656,1,14,裕民路,1,往捷運台大醫院站
656,1,15,捷運海山站,1,往捷運台大醫院站
656,1,16,中央路,1,往捷運台大醫院站
656,1,17,中央一站,0,往捷運台大醫院站
656,1,18,南雅站,1,往捷運台大醫院站
656,1,19,亞東科技大學,1,往捷運台大醫院站
656,1,20,豫章工商,2,往捷運台大醫院站
656,1,21,仁愛新村,0,往捷運台大醫院站
656,1,22,福星里,1,往捷運台大醫院站
656,1,23,鄉雲里,1,往捷運台大醫院站
656,1,24,後站商圈,1,往捷運台大醫院站
656,1,25,介壽公園,1,往捷運台大醫院站
656,1,26,萬坪公園,1,往捷運台大醫院站
656,1,27,板橋車站（文化路）,1,往捷運台大醫院站
656,1,28,中山國中,1,往捷運台大醫院站
656,1,29,致理科技大學,1,往捷運台大醫院站
656,1,30,捷運新埔站（文化路）,1,往捷運台大醫院站
656,1,31,新北市議會,1,往捷運台大醫院站
656,1,32,江翠國中,1,往捷運台大醫院站
656,1,33,捷運江子翠站,1,往捷運台大醫院站
656,1,34,華江橋,1,往捷運台大醫院站
656,1,35,中國時報,5,往捷運台大醫院站
656,1,36,捷運龍山寺站,1,往捷運台大醫院站
656,1,37,龍山國中,1,往捷運台大醫院站
656,1,38,小南門,1,往捷運台大醫院站
656,1,39,捷運西門站,2,往捷運台大醫院站
656,1,40,寶慶路,1,往捷運台大醫院站
656,1,41,博愛路,1,往捷運台大醫院站
656,1,42,重慶南路一段,1,往捷運台大醫院站
656,1,43,博物館（襄陽）,1,往捷運台大醫院站
656,1,44,捷運台大醫院站,2,往捷運台大醫院站
656,2,45,一女中（貴陽）,1,往宏國德霖科技大學
656,2,46,東吳大學城中校區,1,往宏國德霖科技大學
656,2,47,小南門,1,往宏國德霖科技大學
656,2,48,龍山國中,1,往宏國德霖科技大學
656,2,49,捷運龍山寺站,1,往宏國德霖科技大學
656,2,50,中國時報,1,往宏國德霖科技大學
656,2,51,華江橋,5,往宏國德霖科技大學
656,2,52,江翠國小（文化路）,1,往宏國德霖科技大學
656,2,53,捷運江子翠站,1,往宏國德霖科技大學
656,2,54,江翠國中,1,往宏國德霖科技大學
656,2,55,捷運新埔站（文化路）,1,往宏國德霖科技大學
656,2,56,致理科技大學,1,往宏國德霖科技大學
656,2,57,中山國中,1,往宏國德霖科技大學
656,2,58,板橋車站（文化路）,1,往宏國德霖科技大學
656,2,59,萬坪公園,1,往宏國德霖科技大學
656,2,60,板橋外站,1,往宏國德霖科技大學
656,2,61,後站商圈,1,往宏國德霖科技大學
656,2,62,鄉雲里,1,往宏國德霖科技大學
656,2,63,福星里,1,往宏國德霖科技大學
656,2,64,仁愛新村,1,往宏國德霖科技大學
656,2,65,豫章工商,2,往宏國德霖科技大學
656,2,66,亞東科技大學,1,往宏國德霖科技大學
656,2,67,南雅站,1,往宏國德霖科技大學
656,2,68,中央路,0,往宏國德霖科技大學
656,2,69,捷運海山站,1,往宏國德霖科技大學
656,2,70,裕民路,1,往宏國德霖科技大學
656,2,71,新北高工（裕民）,1,往宏國德霖科技大學
656,2,72,廣福國小,2,往宏國德霖科技大學
656,2,73,廣福里,1,往宏國德霖科技大學
656,2,74,土城看守所,1,往宏國德霖科技大學
656,2,75,臺灣新北地方法院（青雲）,1,往宏國德霖科技大學
656,2,76,清水,1,往宏國德霖科技大學
656,2,77,清水派出所,1,往宏國德霖科技大學
656,2,78,檳榔科,1,往宏國德霖科技大學
656,2,79,清和里,2,往宏國德霖科技大學
656,2,80,宏國德霖科技大學,1,往宏國德霖科技大學
656,2,81,清化里,1,往宏國德霖科技大學
656,2,82,少年觀護所,0,往宏國德霖科技大學
656,2,83,四海站,1,往宏國德霖科技大學
,,,,,
南京幹線（原棕9）,1,1,南港高工（重陽）,0,往圓環
南京幹線（原棕9）,1,2,育成高中,1,往圓環
南京幹線（原棕9）,1,3,三重里,1,往圓環
南京幹線（原棕9）,1,4,園區街,1,往圓環
南京幹線（原棕9）,1,5,南港軟體園區北站,1,往圓環
南京幹線（原棕9）,1,6,捷運東湖站（南湖高中）,3,往圓環
南京幹線（原棕9）,1,7,明湖國中,1,往圓環
南京幹線（原棕9）,1,8,明湖國小（公共電視台）,1,往圓環
南京幹線（原棕9）,1,9,捷運葫洲站（康寧大學）,1,往圓環
南京幹線（原棕9）,1,10,金湖路口,2,往圓環
南京幹線（原棕9）,1,11,衛勤訓練中心,1,往圓環
南京幹線（原棕9）,1,12,紫雲里,1,往圓環
南京幹線（原棕9）,1,13,美國在臺協會,1,往圓環
南京幹線（原棕9）,1,14,康寧派出所,1,往圓環
南京幹線（原棕9）,1,15,清白里,1,往圓環
南京幹線（原棕9）,1,16,捷運內湖站,1,往圓環
南京幹線（原棕9）,1,17,湖光市場,1,往圓環
南京幹線（原棕9）,1,18,成功路三段,2,往圓環
南京幹線（原棕9）,1,19,方濟中學,2,往圓環
南京幹線（原棕9）,1,20,將軍嶺,1,往圓環
南京幹線（原棕9）,1,21,國防醫學中心,1,往圓環
南京幹線（原棕9）,1,22,湖興,0,往圓環
南京幹線（原棕9）,1,23,上灣仔,1,往圓環
南京幹線（原棕9）,1,24,南京金莊路口,3,往圓環
南京幹線（原棕9）,1,25,潭美公園,1,往圓環
南京幹線（原棕9）,1,26,南京舊宗路口,3,往圓環
南京幹線（原棕9）,1,27,麥帥一橋,1,往圓環
南京幹線（原棕9）,1,28,南京公寓（捷運南京三民,3,往圓環
南京幹線（原棕9）,1,29,南京三民路口,3,往圓環
南京幹線（原棕9）,1,30,南京寧安街口,2,往圓環
南京幹線（原棕9）,1,31,南京敦化路口（小巨蛋）,2,往圓環
南京幹線（原棕9）,1,32,捷運南京復興站,2,往圓環
南京幹線（原棕9）,1,33,南京龍江路口,1,往圓環
南京幹線（原棕9）,1,34,南京建國路口,1,往圓環
南京幹線（原棕9）,1,35,捷運松江南京站,2,往圓環
南京幹線（原棕9）,1,36,南京吉林路口,1,往圓環
南京幹線（原棕9）,1,37,南京林森路口,2,往圓環
南京幹線（原棕9）,1,38,捷運中山站（志仁高中）,3,往圓環
南京幹線（原棕9）,1,39,後車站,1,往圓環
南京幹線（原棕9）,2,40,圓環（重慶）,1,往南港高工
南京幹線（原棕9）,2,41,圓環（南京）,1,往南港高工
南京幹線（原棕9）,2,42,捷運中山站（志仁高中）,1,往南港高工
南京幹線（原棕9）,2,43,南京林森路口,3,往南港高工
南京幹線（原棕9）,2,44,南京吉林路口,2,往南港高工
南京幹線（原棕9）,2,45,捷運松江南京站,1,往南港高工
南京幹線（原棕9）,2,46,南京建國路口,2,往南港高工
南京幹線（原棕9）,2,47,南京龍江路口,1,往南港高工
南京幹線（原棕9）,2,48,捷運南京復興站,2,往南港高工
南京幹線（原棕9）,2,49,南京敦化路口（小巨蛋）,1,往南港高工
南京幹線（原棕9）,2,50,南京寧安街口,3,往南港高工
南京幹線（原棕9）,2,51,南京三民路口,2,往南港高工
南京幹線（原棕9）,2,52,南京公寓（捷運南京三民,3,往南港高工
南京幹線（原棕9）,2,53,麥帥一橋,3,往南港高工
南京幹線（原棕9）,2,54,南京舊宗路口,1,往南港高工
南京幹線（原棕9）,2,55,潭美公園,2,往南港高工
南京幹線（原棕9）,2,56,上灣仔,2,往南港高工
南京幹線（原棕9）,2,57,湖興,1,往南港高工
南京幹線（原棕9）,2,58,國防醫學中心,1,往南港高工
南京幹線（原棕9）,2,59,將軍嶺,1,往南港高工
南京幹線（原棕9）,2,60,方濟中學,1,往南港高工
南京幹線（原棕9）,2,61,成功路三段,2,往南港高工
南京幹線（原棕9）,2,62,湖光市場,0,往南港高工
南京幹線（原棕9）,2,63,捷運內湖站,1,往南港高工
南京幹線（原棕9）,2,64,清白里,1,往南港高工
南京幹線（原棕9）,2,65,康寧派出所,1,往南港高工
南京幹線（原棕9）,2,66,美國在臺協會,1,往南港高工
南京幹線（原棕9）,2,67,紫雲里,1,往南港高工
南京幹線（原棕9）,2,68,衛勤訓練中心,2,往南港高工
南京幹線（原棕9）,2,69,金湖路口,1,往南港高工
南京幹線（原棕9）,2,70,捷運葫洲站（康寧大學）,0,往南港高工
南京幹線（原棕9）,2,71,明湖國小（公共電視台）,2,往南港高工
南京幹線（原棕9）,2,72,明湖國中,1,往南港高工
南京幹線（原棕9）,2,73,捷運東湖站（南湖高中）,1,往南港高工
南京幹線（原棕9）,2,74,南港軟體園區北站,2,往南港高工
南京幹線（原棕9）,2,75,園區街,1,往南港高工
南京幹線（原棕9）,2,76,三重里,1,往南港高工